mass_kg,propeller_diameter_m,number_of_rotors,total_rotor_disk_area_m2,required_thrust_N,induced_velocity_m_s,ideal_hover_power_W
0.5,0.15,4,0.07068583470577035,4.905,5.321943606449731,26.104133389635933
0.5959595959595959,0.15,4,0.07068583470577035,5.846363636363636,5.810234685125475,33.968744781856294
0.6919191919191919,0.15,4,0.07068583470577035,6.787727272727273,6.2605567198324374,42.494951589662634
0.7878787878787878,0.15,4,0.07068583470577035,7.7290909090909095,6.6805923231584075,51.63490539226617
0.8838383838383839,0.15,4,0.07068583470577035,8.670454545454547,7.075737214894786,61.34985789732639
0.9797979797979798,0.15,4,0.07068583470577035,9.611818181818181,7.449953052217912,71.60759420099998
1.0757575757575757,0.15,4,0.07068583470577035,10.553181818181818,7.806250305124409,82.38077878821518
1.1717171717171717,0.15,4,0.07068583470577035,11.494545454545456,8.146980248672444,93.64583478564944
1.2676767676767677,0.15,4,0.07068583470577035,12.435909090909092,8.474020917974116,105.38215377038811
1.3636363636363635,0.15,4,0.07068583470577035,13.377272727272727,8.788900606120587,117.57152038096766
1.4595959595959596,0.15,4,0.07068583470577035,14.318636363636363,9.092882777770248,130.1976819920639
1.5555555555555556,0.15,4,0.07068583470577035,15.260000000000002,9.387026182784128,143.24601954928582
1.6515151515151514,0.15,4,0.07068583470577035,16.201363636363634,9.672228486873058,156.7032908898256
1.7474747474747474,0.15,4,0.07068583470577035,17.142727272727274,9.949258628072881,170.5574272268821
1.8434343434343434,0.15,4,0.07068583470577035,18.08409090909091,10.218781267562518,184.79736942271583
1.9393939393939392,0.15,4,0.07068583470577035,19.025454545454544,10.481375574813192,199.4129345724459
2.0353535353535355,0.15,4,0.07068583470577035,19.966818181818184,10.737549873518379,214.3947060427463
2.1313131313131315,0.15,4,0.07068583470577035,20.90818181818182,10.987753211293859,229.73394191504315
2.227272727272727,0.15,4,0.07068583470577035,21.849545454545453,11.232384607833835,245.42249805180208
2.323232323232323,0.15,4,0.07068583470577035,22.79090909090909,11.471800526696166,261.45276291297534
2.419191919191919,0.15,4,0.07068583470577035,23.73227272727273,11.70632097075381,277.81760191092144
2.515151515151515,0.15,4,0.07068583470577035,24.673636363636366,11.936234499050125,294.51030958065405
2.611111111111111,0.15,4,0.07068583470577035,25.615000000000002,12.161802389544007,311.5245682081698
2.7070707070707067,0.15,4,0.07068583470577035,26.556363636363635,12.38326211901865,328.85441183706615
2.8030303030303028,0.15,4,0.07068583470577035,27.49772727272727,12.600830292259563,346.4941947864737
2.898989898989899,0.15,4,0.07068583470577035,28.439090909090908,12.814705123424813,364.4385639782713
2.994949494949495,0.15,4,0.07068583470577035,29.380454545454544,13.02506855054261,382.68243450064665
3.090909090909091,0.15,4,0.07068583470577035,30.321818181818184,13.232088047331688,401.22096793700103
3.186868686868687,0.15,4,0.07068583470577035,31.26318181818182,13.435918183672529,420.0495530703695
3.2828282828282824,0.15,4,0.07068583470577035,32.20454545454545,13.636701976077136,439.16378863866595
3.3787878787878785,0.15,4,0.07068583470577035,33.145909090909086,13.83457206169927,458.55946786871465
3.4747474747474745,0.15,4,0.07068583470577035,34.087272727272726,14.029651723273602,478.23256455987905
3.5707070707070705,0.15,4,0.07068583470577035,35.028636363636366,14.222055787485786,498.17922052318966
3.6666666666666665,0.15,4,0.07068583470577035,35.97,14.41189141536814,518.3957342107919
3.7626262626262625,0.15,4,0.07068583470577035,36.91136363636364,14.599258800170846,538.878550394488
3.8585858585858586,0.15,4,0.07068583470577035,37.85272727272727,14.78425178561194,559.6242507720999
3.954545454545454,0.15,4,0.07068583470577035,38.794090909090905,14.966958415335219,580.6295453970977
4.05050505050505,0.15,4,0.07068583470577035,39.735454545454544,15.147461422706371,601.8912648409753
4.146464646464646,0.15,4,0.07068583470577035,40.676818181818184,15.32583866867917,623.4063530097411
4.242424242424242,0.15,4,0.07068583470577035,41.61818181818182,15.50216353430661,645.1718605459606
4.338383838383838,0.15,4,0.07068583470577035,42.55954545454546,15.67650527351009,667.1849387563742
4.434343434343434,0.15,4,0.07068583470577035,43.50090909090909,15.848929330916759,689.4428340124525
4.53030303030303,0.15,4,0.07068583470577035,44.44227272727273,16.019497628902023,711.9428825775625
4.626262626262626,0.15,4,0.07068583470577035,45.38363636363636,16.188268827407132,734.6825058198353
4.722222222222222,0.15,4,0.07068583470577035,46.325,16.35529855962298,757.6592057745346
4.8181818181818175,0.15,4,0.07068583470577035,47.26636363636363,16.520639646224637,780.8705610237795
4.9141414141414135,0.15,4,0.07068583470577035,48.20772727272727,16.6843422904954,804.3142228650321
5.0101010101010095,0.15,4,0.07068583470577035,49.14909090909091,16.846454256383367,827.9879117428276
5.1060606060606055,0.15,4,0.07068583470577035,50.09045454545454,17.00702103128062,851.8894139209513
5.2020202020202015,0.15,4,0.07068583470577035,51.03181818181818,17.166085975097097,876.0165783746141
5.297979797979798,0.15,4,0.07068583470577035,51.973181818181814,17.323690457013747,900.3673138842767
5.393939393939394,0.15,4,0.07068583470577035,52.914545454545454,17.479873981137082,924.9395863146045
5.48989898989899,0.15,4,0.07068583470577035,53.855909090909094,17.634674302136606,949.7314160636598
5.585858585858586,0.15,4,0.07068583470577035,54.79727272727273,17.78812753182417,974.7408756688777
5.681818181818182,0.15,4,0.07068583470577035,55.73863636363637,17.940268237527697,999.9660875576518
5.777777777777778,0.15,4,0.07068583470577035,56.68,18.091129533018357,1025.4052219314806
5.873737373737374,0.15,4,0.07068583470577035,57.62136363636364,18.240743162668924,1051.0564947736598
5.96969696969697,0.15,4,0.07068583470577035,58.56272727272727,18.38913957944898,1076.9181659713852
6.065656565656565,0.15,4,0.07068583470577035,59.504090909090905,18.53634801729998,1102.9885375439649
6.161616161616161,0.15,4,0.07068583470577035,60.44545454545454,18.682396558377217,1129.2659519695464
6.257575757575757,0.15,4,0.07068583470577035,61.38681818181818,18.82731219559682,1155.74879060343
6.353535353535353,0.15,4,0.07068583470577035,62.32818181818182,18.971120890882354,1182.4354721816228
6.449494949494949,0.15,4,0.07068583470577035,63.26954545454545,19.113847629466882,1209.3244514038106
6.545454545454545,0.15,4,0.07068583470577035,64.21090909090908,19.25551647057229,1236.4142175904199
6.641414141414141,0.15,4,0.07068583470577035,65.15227272727273,19.396150594756804,1263.7032934088486
6.737373737373737,0.15,4,0.07068583470577035,66.09363636363636,19.5357723481947,1291.190233664363
6.833333333333333,0.15,4,0.07068583470577035,67.035,19.674403284127642,1318.8736241514964
6.929292929292929,0.15,4,0.07068583470577035,67.97636363636364,19.8120642017054,1346.7520805621089
7.025252525252525,0.15,4,0.07068583470577035,68.91772727272728,19.948775182414096,1374.8242474465649
7.121212121212121,0.15,4,0.07068583470577035,69.85909090909091,20.08455562427271,1403.0887972247604
7.217171717171717,0.15,4,0.07068583470577035,70.80045454545454,20.21942427396261,1431.54442924395
7.313131313131312,0.15,4,0.07068583470577035,71.74181818181818,20.353399257040884,1460.1898688805802
7.409090909090908,0.15,4,0.07068583470577035,72.68318181818181,20.48649810637524,1489.023866683509
7.505050505050504,0.15,4,0.07068583470577035,73.62454545454545,20.618737788926857,1518.0451975561996
7.6010101010101,0.15,4,0.07068583470577035,74.56590909090909,20.750134730996912,1547.252659975631
7.696969696969696,0.15,4,0.07068583470577035,75.50727272727272,20.880704842043244,1576.6450752458434
7.792929292929292,0.15,4,0.07068583470577035,76.44863636363637,21.010463537164814,1606.221286784154
7.888888888888888,0.15,4,0.07068583470577035,77.39,21.13942575834396,1635.980159438239
7.984848484848484,0.15,4,0.07068583470577035,78.33136363636363,21.267605994529337,1665.9205788323845
8.08080808080808,0.15,4,0.07068583470577035,79.27272727272727,21.395018300635876,1696.0414507413166
8.176767676767676,0.15,4,0.07068583470577035,80.21409090909091,21.521676315532396,1726.3417004901444
8.272727272727273,0.15,4,0.07068583470577035,81.15545454545456,21.647593279081907,1756.8202723790193
8.368686868686869,0.15,4,0.07068583470577035,82.09681818181818,21.772782048294978,1787.4761291312277
8.464646464646464,0.15,4,0.07068583470577035,83.03818181818181,21.8972551126519,1818.3082513635
8.56060606060606,0.15,4,0.07068583470577035,83.97954545454546,22.021024608645348,1849.315637077396
8.656565656565656,0.15,4,0.07068583470577035,84.92090909090909,22.144102333591395,1880.4973011707027
8.752525252525253,0.15,4,0.07068583470577035,85.86227272727274,22.26649975875355,1911.85227496785
8.848484848484848,0.15,4,0.07068583470577035,86.80363636363636,22.388228041820902,1943.379605768388
8.944444444444445,0.15,4,0.07068583470577035,87.745,22.509298038778994,1975.078356412663
9.04040404040404,0.15,4,0.07068583470577035,88.68636363636364,22.629720315209017,2006.9476048638323
9.136363636363635,0.15,4,0.07068583470577035,89.62772727272726,22.74950515704875,2038.9864438054674
9.232323232323232,0.15,4,0.07068583470577035,90.5690909090909,22.868662580846124,2071.1939802539778
9.328282828282827,0.15,4,0.07068583470577035,91.51045454545454,22.98720234353445,2103.569335185175
9.424242424242424,0.15,4,0.07068583470577035,92.45181818181818,23.105133951756255,2136.1116431743235
9.520202020202019,0.15,4,0.07068583470577035,93.39318181818182,23.22246667076096,2168.8200520490454
9.616161616161616,0.15,4,0.07068583470577035,94.33454545454546,23.339209532899943,2201.6937225545103
9.712121212121211,0.15,4,0.07068583470577035,95.27590909090908,23.455371345741074,2234.7318280303402
9.808080808080808,0.15,4,0.07068583470577035,96.21727272727273,23.570960699823317,2267.933554098727
9.904040404040403,0.15,4,0.07068583470577035,97.15863636363636,23.685985976070732,2301.298098363247
10.0,0.15,4,0.07068583470577035,98.10000000000001,23.800455352883976,2334.8246701179182
0.5,0.2,4,0.12566370614359174,4.905,3.9914577048372983,19.57810004222695
0.5959595959595959,0.2,4,0.12566370614359174,5.846363636363636,4.357676013844106,25.47655858639222
0.6919191919191919,0.2,4,0.12566370614359174,6.787727272727273,4.695417539874328,31.871213692246975
0.7878787878787878,0.2,4,0.12566370614359174,7.7290909090909095,5.010444242368806,38.726179044199625
0.8838383838383839,0.2,4,0.12566370614359174,8.670454545454547,5.306802911171089,46.01239342299479
0.9797979797979798,0.2,4,0.12566370614359174,9.611818181818181,5.587464789163433,53.70569565074998
1.0757575757575757,0.2,4,0.12566370614359174,10.553181818181818,5.854687728843307,61.78558409116138
1.1717171717171717,0.2,4,0.12566370614359174,11.494545454545456,6.110235186504332,70.23437608923707
1.2676767676767677,0.2,4,0.12566370614359174,12.435909090909092,6.355515688480587,79.03661532779108
1.3636363636363635,0.2,4,0.12566370614359174,13.377272727272727,6.59167545459044,88.17864028572575
1.4595959595959596,0.2,4,0.12566370614359174,14.318636363636363,6.819662083327686,97.64826149404793
1.5555555555555556,0.2,4,0.12566370614359174,15.260000000000002,7.0402696370880955,107.43451466196434
1.6515151515151514,0.2,4,0.12566370614359174,16.201363636363634,7.254171365154793,117.52746816736921
1.7474747474747474,0.2,4,0.12566370614359174,17.142727272727274,7.4619439710546605,127.91807042016158
1.8434343434343434,0.2,4,0.12566370614359174,18.08409090909091,7.664085950671889,138.59802706703687
1.9393939393939392,0.2,4,0.12566370614359174,19.025454545454544,7.861031681109894,149.5597009293344
2.0353535353535355,0.2,4,0.12566370614359174,19.966818181818184,8.053162405138783,160.79602953205972
2.1313131313131315,0.2,4,0.12566370614359174,20.90818181818182,8.240814908470394,172.3004564362824
2.227272727272727,0.2,4,0.12566370614359174,21.849545454545453,8.424288455875375,184.06687353885155
2.323232323232323,0.2,4,0.12566370614359174,22.79090909090909,8.603850395022125,196.0895721847315
2.419191919191919,0.2,4,0.12566370614359174,23.73227272727273,8.779740728065356,208.36320143319105
2.515151515151515,0.2,4,0.12566370614359174,24.673636363636366,8.952175874287592,220.8827321854905
2.611111111111111,0.2,4,0.12566370614359174,25.615000000000002,9.121351792158006,233.64342615612733
2.7070707070707067,0.2,4,0.12566370614359174,26.556363636363635,9.287446589263988,246.64080887779963
2.8030303030303028,0.2,4,0.12566370614359174,27.49772727272727,9.450622719194673,259.8706460898553
2.898989898989899,0.2,4,0.12566370614359174,28.439090909090908,9.61102884256861,273.3289229837035
2.994949494949495,0.2,4,0.12566370614359174,29.380454545454544,9.768801412906956,287.011825875485
3.090909090909091,0.2,4,0.12566370614359174,30.321818181818184,9.924066035498766,300.9157259527508
3.186868686868687,0.2,4,0.12566370614359174,31.26318181818182,10.076938637754397,315.03716480277717
3.2828282828282824,0.2,4,0.12566370614359174,32.20454545454545,10.22752648205785,329.3728414789994
3.3787878787878785,0.2,4,0.12566370614359174,33.145909090909086,10.375929046274452,343.919600901536
3.4747474747474745,0.2,4,0.12566370614359174,34.087272727272726,10.522238792455202,358.6744234199093
3.5707070707070705,0.2,4,0.12566370614359174,35.028636363636366,10.66654184061434,373.6344153923922
3.6666666666666665,0.2,4,0.12566370614359174,35.97,10.808918561526104,388.79680065809396
3.7626262626262625,0.2,4,0.12566370614359174,36.91136363636364,10.949444100128133,404.15891279586594
3.8585858585858586,0.2,4,0.12566370614359174,37.85272727272727,11.088188839208954,419.71818807907493
3.954545454545454,0.2,4,0.12566370614359174,38.794090909090905,11.225218811501414,435.4721590478232
4.05050505050505,0.2,4,0.12566370614359174,39.735454545454544,11.360596067029778,451.4184486307314
4.146464646464646,0.2,4,0.12566370614359174,40.676818181818184,11.494379001509378,467.5547647573058
4.242424242424242,0.2,4,0.12566370614359174,41.61818181818182,11.626622650729958,483.87889540947043
4.338383838383838,0.2,4,0.12566370614359174,42.55954545454546,11.757378955132568,500.3887040672807
4.434343434343434,0.2,4,0.12566370614359174,43.50090909090909,11.88669699818757,517.0821255093394
4.53030303030303,0.2,4,0.12566370614359174,44.44227272727273,12.014623221676517,533.957161933172
4.626262626262626,0.2,4,0.12566370614359174,45.38363636363636,12.14120162055535,551.0118793648766
4.722222222222222,0.2,4,0.12566370614359174,46.325,12.266473919717233,568.2444043309009
4.8181818181818175,0.2,4,0.12566370614359174,47.26636363636363,12.39047973466848,585.6529207678346
4.9141414141414135,0.2,4,0.12566370614359174,48.20772727272727,12.51325671787155,603.235667148774
5.0101010101010095,0.2,4,0.12566370614359174,49.14909090909091,12.634840692287527,620.9909338071208
5.1060606060606055,0.2,4,0.12566370614359174,50.09045454545454,12.755265773460463,638.9170604407134
5.2020202020202015,0.2,4,0.12566370614359174,51.03181818181818,12.874564481322823,657.0124337809606
5.297979797979798,0.2,4,0.12566370614359174,51.973181818181814,12.992767842760312,675.2754854132075
5.393939393939394,0.2,4,0.12566370614359174,52.914545454545454,13.109905485852813,693.7046897359535
5.48989898989899,0.2,4,0.12566370614359174,53.855909090909094,13.226005726602454,712.2985620477448
5.585858585858586,0.2,4,0.12566370614359174,54.79727272727273,13.341095648868128,731.0556567516584
5.681818181818182,0.2,4,0.12566370614359174,55.73863636363637,13.45520117814577,749.9745656682387
5.777777777777778,0.2,4,0.12566370614359174,56.68,13.568347149763769,769.0539164486104
5.873737373737374,0.2,4,0.12566370614359174,57.62136363636364,13.68055737200169,788.2923710802447
5.96969696969697,0.2,4,0.12566370614359174,58.56272727272727,13.791854684586733,807.6886244785388
6.065656565656565,0.2,4,0.12566370614359174,59.504090909090905,13.902261012974986,827.2414031579738
6.161616161616161,0.2,4,0.12566370614359174,60.44545454545454,14.011797418782912,846.9494639771598
6.257575757575757,0.2,4,0.12566370614359174,61.38681818181818,14.120484146697615,866.8115929525725
6.353535353535353,0.2,4,0.12566370614359174,62.32818181818182,14.228340668161763,886.8266041362169
6.449494949494949,0.2,4,0.12566370614359174,63.26954545454545,14.335385722100161,906.9933385528581
6.545454545454545,0.2,4,0.12566370614359174,64.21090909090908,14.441637352929217,927.3106631928148
6.641414141414141,0.2,4,0.12566370614359174,65.15227272727273,14.547112946067603,947.7774700566364
6.737373737373737,0.2,4,0.12566370614359174,66.09363636363636,14.651829261146025,968.3926752482722
6.833333333333333,0.2,4,0.12566370614359174,67.035,14.755802463095732,989.1552181136224
6.929292929292929,0.2,4,0.12566370614359174,67.97636363636364,14.85904815127905,1010.0640604215816
7.025252525252525,0.2,4,0.12566370614359174,68.91772727272728,14.961581386810572,1031.1181855849238
7.121212121212121,0.2,4,0.12566370614359174,69.85909090909091,15.063416718204532,1052.3165979185703
7.217171717171717,0.2,4,0.12566370614359174,70.80045454545454,15.164568205471957,1073.6583219329625
7.313131313131312,0.2,4,0.12566370614359174,71.74181818181818,15.265049442780661,1095.142401660435
7.409090909090908,0.2,4,0.12566370614359174,72.68318181818181,15.364873579781431,1116.7679000126318
7.505050505050504,0.2,4,0.12566370614359174,73.62454545454545,15.464053341695141,1138.5338981671496
7.6010101010101,0.2,4,0.12566370614359174,74.56590909090909,15.562601048247684,1160.4394949817233
7.696969696969696,0.2,4,0.12566370614359174,75.50727272727272,15.660528631532435,1182.4838064343826
7.792929292929292,0.2,4,0.12566370614359174,76.44863636363637,15.757847652873611,1204.6659650881156
7.888888888888888,0.2,4,0.12566370614359174,77.39,15.85456931875797,1226.9851195786794
7.984848484848484,0.2,4,0.12566370614359174,78.33136363636363,15.950704495897002,1249.4404341242882
8.08080808080808,0.2,4,0.12566370614359174,79.27272727272727,16.04626372547691,1272.0310880559875
8.176767676767676,0.2,4,0.12566370614359174,80.21409090909091,16.1412572366493,1294.7562753676084
8.272727272727273,0.2,4,0.12566370614359174,81.15545454545456,16.23569495931143,1317.6152042842646
8.368686868686869,0.2,4,0.12566370614359174,82.09681818181818,16.329586536221232,1340.6070968484205
8.464646464646464,0.2,4,0.12566370614359174,83.03818181818181,16.422941334488925,1363.7311885226247
8.56060606060606,0.2,4,0.12566370614359174,83.97954545454546,16.515768456484007,1386.986727808047
8.656565656565656,0.2,4,0.12566370614359174,84.92090909090909,16.608076750193547,1410.372975878027
8.752525252525253,0.2,4,0.12566370614359174,85.86227272727274,16.699874819065162,1433.8892062258874
8.848484848484848,0.2,4,0.12566370614359174,86.80363636363636,16.791171031365675,1457.534704326291
8.944444444444445,0.2,4,0.12566370614359174,87.745,16.881973529084245,1481.3087673094972
9.04040404040404,0.2,4,0.12566370614359174,88.68636363636364,16.972290236406764,1505.2107036478744
9.136363636363635,0.2,4,0.12566370614359174,89.62772727272726,17.06212886778656,1529.2398328541003
9.232323232323232,0.2,4,0.12566370614359174,90.5690909090909,17.15149693563459,1553.3954851904832
9.328282828282827,0.2,4,0.12566370614359174,91.51045454545454,17.240401757650837,1577.6770013888813
9.424242424242424,0.2,4,0.12566370614359174,92.45181818181818,17.32885046381719,1602.0837323807425
9.520202020202019,0.2,4,0.12566370614359174,93.39318181818182,17.416850003070717,1626.615039036784
9.616161616161616,0.2,4,0.12566370614359174,94.33454545454546,17.504407149674957,1651.2702919158828
9.712121212121211,0.2,4,0.12566370614359174,95.27590909090908,17.591528509305803,1676.048871022755
9.808080808080808,0.2,4,0.12566370614359174,96.21727272727273,17.678220524867488,1700.9501655740455
9.904040404040403,0.2,4,0.12566370614359174,97.15863636363636,17.764489482053047,1725.973573772435
10.0,0.2,4,0.12566370614359174,98.10000000000001,17.85034151466298,1751.1185025884383
0.5,0.25,4,0.19634954084936207,4.905,3.1931661638698388,15.66248003378156
0.5959595959595959,0.25,4,0.19634954084936207,5.846363636363636,3.486140811075285,20.381246869113777
0.6919191919191919,0.25,4,0.19634954084936207,6.787727272727273,3.756334031899463,25.496970953797582
0.7878787878787878,0.25,4,0.19634954084936207,7.7290909090909095,4.0083553938950445,30.9809432353597
0.8838383838383839,0.25,4,0.19634954084936207,8.670454545454547,4.245442328936871,36.80991473839583
0.9797979797979798,0.25,4,0.19634954084936207,9.611818181818181,4.469971831330747,42.964556520599984
1.0757575757575757,0.25,4,0.19634954084936207,10.553181818181818,4.683750183074645,49.428467272929105
1.1717171717171717,0.25,4,0.19634954084936207,11.494545454545456,4.888188149203466,56.187500871389666
1.2676767676767677,0.25,4,0.19634954084936207,12.435909090909092,5.084412550784469,63.22929226223287
1.3636363636363635,0.25,4,0.19634954084936207,13.377272727272727,5.273340363672352,70.54291222858059
1.4595959595959596,0.25,4,0.19634954084936207,14.318636363636363,5.455729666662148,78.11860919523834
1.5555555555555556,0.25,4,0.19634954084936207,15.260000000000002,5.632215709670477,85.94761172957148
1.6515151515151514,0.25,4,0.19634954084936207,16.201363636363634,5.803337092123835,94.02197453389537
1.7474747474747474,0.25,4,0.19634954084936207,17.142727272727274,5.969555176843729,102.33445633612928
1.8434343434343434,0.25,4,0.19634954084936207,18.08409090909091,6.131268760537512,110.87842165362952
1.9393939393939392,0.25,4,0.19634954084936207,19.025454545454544,6.288825344887916,119.64776074346753
2.0353535353535355,0.25,4,0.19634954084936207,19.966818181818184,6.442529924111027,128.6368236256478
2.1313131313131315,0.25,4,0.19634954084936207,20.90818181818182,6.592651926776316,137.84036514902593
2.227272727272727,0.25,4,0.19634954084936207,21.849545454545453,6.739430764700301,147.25349883108123
2.323232323232323,0.25,4,0.19634954084936207,22.79090909090909,6.8830803160177,156.8716577477852
2.419191919191919,0.25,4,0.19634954084936207,23.73227272727273,7.023792582452286,166.69056114655288
2.515151515151515,0.25,4,0.19634954084936207,24.673636363636366,7.161740699430075,176.70618574839244
2.611111111111111,0.25,4,0.19634954084936207,25.615000000000002,7.2970814337264045,186.91474092490188
2.7070707070707067,0.25,4,0.19634954084936207,26.556363636363635,7.42995727141119,197.3126471022397
2.8030303030303028,0.25,4,0.19634954084936207,27.49772727272727,7.560498175355738,207.89651687188424
2.898989898989899,0.25,4,0.19634954084936207,28.439090909090908,7.688823074054889,218.6631383869628
2.994949494949495,0.25,4,0.19634954084936207,29.380454545454544,7.815041130325566,229.609460700388
3.090909090909091,0.25,4,0.19634954084936207,30.321818181818184,7.939252828399013,240.73258076220063
3.186868686868687,0.25,4,0.19634954084936207,31.26318181818182,8.061550910203518,252.02973184222174
3.2828282828282824,0.25,4,0.19634954084936207,32.20454545454545,8.182021185646281,263.49827318319956
3.3787878787878785,0.25,4,0.19634954084936207,33.145909090909086,8.300743237019562,275.1356807212288
3.4747474747474745,0.25,4,0.19634954084936207,34.087272727272726,8.417791033964162,286.9395387359275
3.5707070707070705,0.25,4,0.19634954084936207,35.028636363636366,8.533233472491471,298.90753231391375
3.6666666666666665,0.25,4,0.19634954084936207,35.97,8.647134849220883,311.03744052647517
3.7626262626262625,0.25,4,0.19634954084936207,36.91136363636364,8.759555280102507,323.32713023669277
3.8585858585858586,0.25,4,0.19634954084936207,37.85272727272727,8.870551071367164,335.77455046325997
3.954545454545454,0.25,4,0.19634954084936207,38.794090909090905,8.980175049201131,348.37772723825856
4.05050505050505,0.25,4,0.19634954084936207,39.735454545454544,9.088476853623824,361.13475890458517
4.146464646464646,0.25,4,0.19634954084936207,40.676818181818184,9.195503201207503,374.04381180584465
4.242424242424242,0.25,4,0.19634954084936207,41.61818181818182,9.301298120583967,387.10311632757634
4.338383838383838,0.25,4,0.19634954084936207,42.55954545454546,9.405903164106054,400.3109632538245
4.434343434343434,0.25,4,0.19634954084936207,43.50090909090909,9.509357598550055,413.66570040747155
4.53030303030303,0.25,4,0.19634954084936207,44.44227272727273,9.611698577341215,427.1657295465376
4.626262626262626,0.25,4,0.19634954084936207,45.38363636363636,9.712961296444279,440.8095034919012
4.722222222222222,0.25,4,0.19634954084936207,46.325,9.813179135773787,454.5955234647207
4.8181818181818175,0.25,4,0.19634954084936207,47.26636363636363,9.912383787734784,468.5223366142678
4.9141414141414135,0.25,4,0.19634954084936207,48.20772727272727,10.01060537429724,482.5885337190192
5.0101010101010095,0.25,4,0.19634954084936207,49.14909090909091,10.107872553830022,496.7927470456967
5.1060606060606055,0.25,4,0.19634954084936207,50.09045454545454,10.204212618768372,511.1336483525708
5.2020202020202015,0.25,4,0.19634954084936207,51.03181818181818,10.299651585058259,525.6099470247685
5.297979797979798,0.25,4,0.19634954084936207,51.973181818181814,10.394214274208249,540.220388330566
5.393939393939394,0.25,4,0.19634954084936207,52.914545454545454,10.48792438868225,554.9637517887628
5.48989898989899,0.25,4,0.19634954084936207,53.855909090909094,10.580804581281964,569.8388496381959
5.585858585858586,0.25,4,0.19634954084936207,54.79727272727273,10.672876519094503,584.8445254013267
5.681818181818182,0.25,4,0.19634954084936207,55.73863636363637,10.764160942516618,599.9796525345911
5.777777777777778,0.25,4,0.19634954084936207,56.68,10.854677719811015,615.2431331588883
5.873737373737374,0.25,4,0.19634954084936207,57.62136363636364,10.944445897601353,630.6338968641958
5.96969696969697,0.25,4,0.19634954084936207,58.56272727272727,11.033483747669388,646.1508995828312
6.065656565656565,0.25,4,0.19634954084936207,59.504090909090905,11.121808810379989,661.793122526379
6.161616161616161,0.25,4,0.19634954084936207,60.44545454545454,11.20943793502633,677.5595711817277
6.257575757575757,0.25,4,0.19634954084936207,61.38681818181818,11.296387317358093,693.4492743620581
6.353535353535353,0.25,4,0.19634954084936207,62.32818181818182,11.382672534529412,709.4612833089736
6.449494949494949,0.25,4,0.19634954084936207,63.26954545454545,11.46830857768013,725.5946708422865
6.545454545454545,0.25,4,0.19634954084936207,64.21090909090908,11.553309882343372,741.8485305542519
6.641414141414141,0.25,4,0.19634954084936207,65.15227272727273,11.637690356854083,758.2219760453091
6.737373737373737,0.25,4,0.19634954084936207,66.09363636363636,11.72146340891682,774.7141401986178
6.833333333333333,0.25,4,0.19634954084936207,67.035,11.804641970476586,791.3241744908979
6.929292929292929,0.25,4,0.19634954084936207,67.97636363636364,11.88723852102324,808.0512483372653
7.025252525252525,0.25,4,0.19634954084936207,68.91772727272728,11.969265109448457,824.894548467939
7.121212121212121,0.25,4,0.19634954084936207,69.85909090909091,12.050733374563626,841.8532783348562
7.217171717171717,0.25,4,0.19634954084936207,70.80045454545454,12.131654564377566,858.92665754637
7.313131313131312,0.25,4,0.19634954084936207,71.74181818181818,12.21203955422453,876.1139213283482
7.409090909090908,0.25,4,0.19634954084936207,72.68318181818181,12.291898863825145,893.4143200101054
7.505050505050504,0.25,4,0.19634954084936207,73.62454545454545,12.371242673356114,910.8271185337197
7.6010101010101,0.25,4,0.19634954084936207,74.56590909090909,12.450080838598147,928.3515959853786
7.696969696969696,0.25,4,0.19634954084936207,75.50727272727272,12.528422905225947,945.987045147506
7.792929292929292,0.25,4,0.19634954084936207,76.44863636363637,12.60627812229889,963.7327720704926
7.888888888888888,0.25,4,0.19634954084936207,77.39,12.683655455006377,981.5880956629436
7.984848484848484,0.25,4,0.19634954084936207,78.33136363636363,12.760563596717601,999.5523472994306
8.08080808080808,0.25,4,0.19634954084936207,79.27272727272727,12.837010980381526,1017.62487044479
8.176767676767676,0.25,4,0.19634954084936207,80.21409090909091,12.913005789319438,1035.8050202940867
8.272727272727273,0.25,4,0.19634954084936207,81.15545454545456,12.988555967449143,1054.0921634274116
8.368686868686869,0.25,4,0.19634954084936207,82.09681818181818,13.063669228976986,1072.4856774787365
8.464646464646464,0.25,4,0.19634954084936207,83.03818181818181,13.138353067591142,1090.9849508181
8.56060606060606,0.25,4,0.19634954084936207,83.97954545454546,13.212614765187208,1109.5893822464377
8.656565656565656,0.25,4,0.19634954084936207,84.92090909090909,13.286461400154838,1128.2983807024218
8.752525252525253,0.25,4,0.19634954084936207,85.86227272727274,13.35989985525213,1147.11136498071
8.848484848484848,0.25,4,0.19634954084936207,86.80363636363636,13.432936825092542,1166.027763461033
8.944444444444445,0.25,4,0.19634954084936207,87.745,13.505578823267395,1185.0470138475978
9.04040404040404,0.25,4,0.19634954084936207,88.68636363636364,13.577832189125411,1204.1685629182996
9.136363636363635,0.25,4,0.19634954084936207,89.62772727272726,13.649703094229249,1223.3918662832805
9.232323232323232,0.25,4,0.19634954084936207,90.5690909090909,13.721197548507673,1242.7163881523868
9.328282828282827,0.25,4,0.19634954084936207,91.51045454545454,13.792321406120669,1262.141601111105
9.424242424242424,0.25,4,0.19634954084936207,92.45181818181818,13.863080371053753,1281.6669859045942
9.520202020202019,0.25,4,0.19634954084936207,93.39318181818182,13.933480002456575,1301.2920312294273
9.616161616161616,0.25,4,0.19634954084936207,94.33454545454546,14.003525719739965,1321.016233532706
9.712121212121211,0.25,4,0.19634954084936207,95.27590909090908,14.073222807444644,1340.839096818204
9.808080808080808,0.25,4,0.19634954084936207,96.21727272727273,14.142576419893992,1360.7601324592365
9.904040404040403,0.25,4,0.19634954084936207,97.15863636363636,14.21159158564244,1380.778859017948
10.0,0.25,4,0.19634954084936207,98.10000000000001,14.280273211730384,1400.8948020707508
0.5,0.3,4,0.2827433388230814,4.905,2.6609718032248657,13.052066694817967
0.5959595959595959,0.3,4,0.2827433388230814,5.846363636363636,2.9051173425627375,16.984372390928147
0.6919191919191919,0.3,4,0.2827433388230814,6.787727272727273,3.1302783599162187,21.247475794831317
0.7878787878787878,0.3,4,0.2827433388230814,7.7290909090909095,3.3402961615792037,25.817452696133085
0.8838383838383839,0.3,4,0.2827433388230814,8.670454545454547,3.537868607447393,30.674928948663194
0.9797979797979798,0.3,4,0.2827433388230814,9.611818181818181,3.724976526108956,35.80379710049999
1.0757575757575757,0.3,4,0.2827433388230814,10.553181818181818,3.9031251525622044,41.19038939410759
1.1717171717171717,0.3,4,0.2827433388230814,11.494545454545456,4.073490124336222,46.82291739282472
1.2676767676767677,0.3,4,0.2827433388230814,12.435909090909092,4.237010458987058,52.69107688519406
1.3636363636363635,0.3,4,0.2827433388230814,13.377272727272727,4.394450303060293,58.78576019048383
1.4595959595959596,0.3,4,0.2827433388230814,14.318636363636363,4.546441388885124,65.09884099603195
1.5555555555555556,0.3,4,0.2827433388230814,15.260000000000002,4.693513091392064,71.62300977464291
1.6515151515151514,0.3,4,0.2827433388230814,16.201363636363634,4.836114243436529,78.3516454449128
1.7474747474747474,0.3,4,0.2827433388230814,17.142727272727274,4.974629314036441,85.27871361344106
1.8434343434343434,0.3,4,0.2827433388230814,18.08409090909091,5.109390633781259,92.39868471135792
1.9393939393939392,0.3,4,0.2827433388230814,19.025454545454544,5.240687787406596,99.70646728622295
2.0353535353535355,0.3,4,0.2827433388230814,19.966818181818184,5.3687749367591895,107.19735302137315
2.1313131313131315,0.3,4,0.2827433388230814,20.90818181818182,5.493876605646929,114.86697095752157
2.227272727272727,0.3,4,0.2827433388230814,21.849545454545453,5.616192303916917,122.71124902590104
2.323232323232323,0.3,4,0.2827433388230814,22.79090909090909,5.735900263348083,130.72638145648767
2.419191919191919,0.3,4,0.2827433388230814,23.73227272727273,5.853160485376905,138.90880095546072
2.515151515151515,0.3,4,0.2827433388230814,24.673636363636366,5.968117249525062,147.25515479032703
2.611111111111111,0.3,4,0.2827433388230814,25.615000000000002,6.080901194772004,155.7622841040849
2.7070707070707067,0.3,4,0.2827433388230814,26.556363636363635,6.191631059509325,164.42720591853308
2.8030303030303028,0.3,4,0.2827433388230814,27.49772727272727,6.300415146129781,173.24709739323686
2.898989898989899,0.3,4,0.2827433388230814,28.439090909090908,6.407352561712407,182.21928198913565
2.994949494949495,0.3,4,0.2827433388230814,29.380454545454544,6.512534275271305,191.34121725032333
3.090909090909091,0.3,4,0.2827433388230814,30.321818181818184,6.616044023665844,200.61048396850052
3.186868686868687,0.3,4,0.2827433388230814,31.26318181818182,6.717959091836264,210.02477653518474
3.2828282828282824,0.3,4,0.2827433388230814,32.20454545454545,6.818350988038568,219.58189431933297
3.3787878787878785,0.3,4,0.2827433388230814,33.145909090909086,6.917286030849635,229.27973393435732
3.4747474747474745,0.3,4,0.2827433388230814,34.087272727272726,7.014825861636801,239.11628227993953
3.5707070707070705,0.3,4,0.2827433388230814,35.028636363636366,7.111027893742893,249.08961026159483
3.6666666666666665,0.3,4,0.2827433388230814,35.97,7.20594570768407,259.19786710539597
3.7626262626262625,0.3,4,0.2827433388230814,36.91136363636364,7.299629400085423,269.439275197244
3.8585858585858586,0.3,4,0.2827433388230814,37.85272727272727,7.39212589280597,279.81212538604996
3.954545454545454,0.3,4,0.2827433388230814,38.794090909090905,7.483479207667609,290.31477269854884
4.05050505050505,0.3,4,0.2827433388230814,39.735454545454544,7.5737307113531855,300.94563242048764
4.146464646464646,0.3,4,0.2827433388230814,40.676818181818184,7.662919334339585,311.70317650487056
4.242424242424242,0.3,4,0.2827433388230814,41.61818181818182,7.751081767153305,322.5859302729803
4.338383838383838,0.3,4,0.2827433388230814,42.55954545454546,7.838252636755045,333.5924693781871
4.434343434343434,0.3,4,0.2827433388230814,43.50090909090909,7.9244646654583795,344.72141700622626
4.53030303030303,0.3,4,0.2827433388230814,44.44227272727273,8.009748814451012,355.97144128878125
4.626262626262626,0.3,4,0.2827433388230814,45.38363636363636,8.094134413703566,367.34125290991767
4.722222222222222,0.3,4,0.2827433388230814,46.325,8.17764927981149,378.8296028872673
4.8181818181818175,0.3,4,0.2827433388230814,47.26636363636363,8.260319823112319,390.43528051188974
4.9141414141414135,0.3,4,0.2827433388230814,48.20772727272727,8.3421711452477,402.15711143251605
5.0101010101010095,0.3,4,0.2827433388230814,49.14909090909091,8.423227128191684,413.9939558714138
5.1060606060606055,0.3,4,0.2827433388230814,50.09045454545454,8.50351051564031,425.9447069604756
5.2020202020202015,0.3,4,0.2827433388230814,51.03181818181818,8.583042987548549,438.00828918730707
5.297979797979798,0.3,4,0.2827433388230814,51.973181818181814,8.661845228506873,450.1836569421383
5.393939393939394,0.3,4,0.2827433388230814,52.914545454545454,8.739936990568541,462.46979315730226
5.48989898989899,0.3,4,0.2827433388230814,53.855909090909094,8.817337151068303,474.8657080318299
5.585858585858586,0.3,4,0.2827433388230814,54.79727272727273,8.894063765912085,487.37043783443886
5.681818181818182,0.3,4,0.2827433388230814,55.73863636363637,8.970134118763848,499.9830437788259
5.777777777777778,0.3,4,0.2827433388230814,56.68,9.045564766509179,512.7026109657403
5.873737373737374,0.3,4,0.2827433388230814,57.62136363636364,9.120371581334462,525.5282473868299
5.96969696969697,0.3,4,0.2827433388230814,58.56272727272727,9.19456978972449,538.4590829856926
6.065656565656565,0.3,4,0.2827433388230814,59.504090909090905,9.26817400864999,551.4942687719824
6.161616161616161,0.3,4,0.2827433388230814,60.44545454545454,9.341198279188609,564.6329759847732
6.257575757575757,0.3,4,0.2827433388230814,61.38681818181818,9.41365609779841,577.874395301715
6.353535353535353,0.3,4,0.2827433388230814,62.32818181818182,9.485560445441177,591.2177360908114
6.449494949494949,0.3,4,0.2827433388230814,63.26954545454545,9.556923814733441,604.6622257019053
6.545454545454545,0.3,4,0.2827433388230814,64.21090909090908,9.627758235286144,618.2071087952099
6.641414141414141,0.3,4,0.2827433388230814,65.15227272727273,9.698075297378402,631.8516467044243
6.737373737373737,0.3,4,0.2827433388230814,66.09363636363636,9.76788617409735,645.5951168321815
6.833333333333333,0.3,4,0.2827433388230814,67.035,9.837201642063821,659.4368120757482
6.929292929292929,0.3,4,0.2827433388230814,67.97636363636364,9.9060321008527,673.3760402810544
7.025252525252525,0.3,4,0.2827433388230814,68.91772727272728,9.974387591207048,687.4121237232824
7.121212121212121,0.3,4,0.2827433388230814,69.85909090909091,10.042277812136355,701.5443986123802
7.217171717171717,0.3,4,0.2827433388230814,70.80045454545454,10.109712136981305,715.772214621975
7.313131313131312,0.3,4,0.2827433388230814,71.74181818181818,10.176699628520442,730.0949344402901
7.409090909090908,0.3,4,0.2827433388230814,72.68318181818181,10.24324905318762,744.5119333417545
7.505050505050504,0.3,4,0.2827433388230814,73.62454545454545,10.309368894463429,759.0225987780998
7.6010101010101,0.3,4,0.2827433388230814,74.56590909090909,10.375067365498456,773.6263299878156
7.696969696969696,0.3,4,0.2827433388230814,75.50727272727272,10.440352421021622,788.3225376229217
7.792929292929292,0.3,4,0.2827433388230814,76.44863636363637,10.505231768582407,803.110643392077
7.888888888888888,0.3,4,0.2827433388230814,77.39,10.56971287917198,817.9900797191195
7.984848484848484,0.3,4,0.2827433388230814,78.33136363636363,10.633802997264668,832.9602894161923
8.08080808080808,0.3,4,0.2827433388230814,79.27272727272727,10.697509150317938,848.0207253706583
8.176767676767676,0.3,4,0.2827433388230814,80.21409090909091,10.760838157766198,863.1708502450722
8.272727272727273,0.3,4,0.2827433388230814,81.15545454545456,10.823796639540953,878.4101361895097
8.368686868686869,0.3,4,0.2827433388230814,82.09681818181818,10.886391024147489,893.7380645656139
8.464646464646464,0.3,4,0.2827433388230814,83.03818181818181,10.94862755632595,909.15412568175
8.56060606060606,0.3,4,0.2827433388230814,83.97954545454546,11.010512304322674,924.657818538698
8.656565656565656,0.3,4,0.2827433388230814,84.92090909090909,11.072051166795697,940.2486505853514
8.752525252525253,0.3,4,0.2827433388230814,85.86227272727274,11.133249879376775,955.926137483925
8.848484848484848,0.3,4,0.2827433388230814,86.80363636363636,11.194114020910451,971.689802884194
8.944444444444445,0.3,4,0.2827433388230814,87.745,11.254649019389497,987.5391782063315
9.04040404040404,0.3,4,0.2827433388230814,88.68636363636364,11.314860157604508,1003.4738024319162
9.136363636363635,0.3,4,0.2827433388230814,89.62772727272726,11.374752578524374,1019.4932219027337
9.232323232323232,0.3,4,0.2827433388230814,90.5690909090909,11.434331290423062,1035.5969901269889
9.328282828282827,0.3,4,0.2827433388230814,91.51045454545454,11.493601171767224,1051.7846675925875
9.424242424242424,0.3,4,0.2827433388230814,92.45181818181818,11.552566975878127,1068.0558215871617
9.520202020202019,0.3,4,0.2827433388230814,93.39318181818182,11.61123333538048,1084.4100260245227
9.616161616161616,0.3,4,0.2827433388230814,94.33454545454546,11.669604766449972,1100.8468612772551
9.712121212121211,0.3,4,0.2827433388230814,95.27590909090908,11.727685672870537,1117.3659140151701
9.808080808080808,0.3,4,0.2827433388230814,96.21727272727273,11.785480349911658,1133.9667770493636
9.904040404040403,0.3,4,0.2827433388230814,97.15863636363636,11.842992988035366,1150.6490491816235
10.0,0.3,4,0.2827433388230814,98.10000000000001,11.900227676441988,1167.4123350589591
0.5,0.35,4,0.3848451000647496,4.905,2.2808329741927422,11.1874857384154
0.5959595959595959,0.35,4,0.3848451000647496,5.846363636363636,2.4901005793394897,14.558033477938416
0.6919191919191919,0.35,4,0.3848451000647496,6.787727272727273,2.6830957370710453,18.212122109855418
0.7878787878787878,0.35,4,0.3848451000647496,7.7290909090909095,2.863110995639318,22.129245168114075
0.8838383838383839,0.35,4,0.3848451000647496,8.670454545454547,3.03245880638348,26.292796241711315
0.9797979797979798,0.35,4,0.3848451000647496,9.611818181818181,3.1928370223791056,30.688968943285712
1.0757575757575757,0.35,4,0.3848451000647496,10.553181818181818,3.345535845053319,35.30604805209223
1.1717171717171717,0.35,4,0.3848451000647496,11.494545454545456,3.491562963716762,40.13392919384977
1.2676767676767677,0.35,4,0.3848451000647496,12.435909090909092,3.6317232505603356,45.1637801873092
1.3636363636363635,0.35,4,0.3848451000647496,13.377272727272727,3.7666716883373947,50.38779444898615
1.4595959595959596,0.35,4,0.3848451000647496,14.318636363636363,3.8969497619015354,55.799006568027394
1.5555555555555556,0.35,4,0.3848451000647496,15.260000000000002,4.023011221193198,61.39115123540821
1.6515151515151514,0.35,4,0.3848451000647496,16.201363636363634,4.1452407800884545,67.15855323849671
1.7474747474747474,0.35,4,0.3848451000647496,17.142727272727274,4.263967983459807,73.09604024009235
1.8434343434343434,0.35,4,0.3848451000647496,18.08409090909091,4.379477686098223,79.19887260973537
1.9393939393939392,0.35,4,0.3848451000647496,19.025454545454544,4.492018103491368,85.46268624533396
2.0353535353535355,0.35,4,0.3848451000647496,19.966818181818184,4.601807088650735,91.88344544689129
2.1313131313131315,0.35,4,0.3848451000647496,20.90818181818182,4.709037090554512,98.45740367787566
2.227272727272727,0.35,4,0.3848451000647496,21.849545454545453,4.813879117643073,105.18107059362949
2.323232323232323,0.35,4,0.3848451000647496,22.79090909090909,4.916485940012643,112.05118410556085
2.419191919191919,0.35,4,0.3848451000647496,23.73227272727273,5.016994701751633,119.06468653325206
2.515151515151515,0.35,4,0.3848451000647496,24.673636363636366,5.1155290710214825,126.2187041059946
2.611111111111111,0.35,4,0.3848451000647496,25.615000000000002,5.21220102409029,133.5105292320728
2.7070707070707067,0.35,4,0.3848451000647496,26.556363636363635,5.3071123367222794,140.93760507302838
2.8030303030303028,0.35,4,0.3848451000647496,27.49772727272727,5.400355839539814,148.49751205134592
2.898989898989899,0.35,4,0.3848451000647496,28.439090909090908,5.492016481467778,156.18795599068773
2.994949494949495,0.35,4,0.3848451000647496,29.380454545454544,5.5821722359468335,164.0067576431343
3.090909090909091,0.35,4,0.3848451000647496,30.321818181818184,5.670894877427867,171.9518434015719
3.186868686868687,0.35,4,0.3848451000647496,31.26318181818182,5.75825065014537,180.02123703015837
3.2828282828282824,0.35,4,0.3848451000647496,32.20454545454545,5.844300846890201,188.21305227371397
3.3787878787878785,0.35,4,0.3848451000647496,33.145909090909086,5.9291023121568305,196.52548622944917
3.4747474747474745,0.35,4,0.3848451000647496,34.087272727272726,6.0127078814029735,204.95681338280536
3.5707070707070705,0.35,4,0.3848451000647496,35.028636363636366,6.095166766065337,213.50538022422415
3.6666666666666665,0.35,4,0.3848451000647496,35.97,6.176524892300632,222.16960037605372
3.7626262626262625,0.35,4,0.3848451000647496,36.91136363636364,6.25682520007322,230.9479501690663
3.8585858585858586,0.35,4,0.3848451000647496,37.85272727272727,6.336107908119403,239.83896461661428
3.954545454545454,0.35,4,0.3848451000647496,38.794090909090905,6.414410749429381,248.84123374161334
4.05050505050505,0.35,4,0.3848451000647496,39.735454545454544,6.491769181159874,257.95339921756084
4.146464646464646,0.35,4,0.3848451000647496,40.676818181818184,6.568216572291074,267.17415128988904
4.242424242424242,0.35,4,0.3848451000647496,41.61818181818182,6.643784371845692,276.5022259482689
4.338383838383838,0.35,4,0.3848451000647496,42.55954545454546,6.718502260075754,285.93640232416044
4.434343434343434,0.35,4,0.3848451000647496,43.50090909090909,6.792398284678613,295.47550029105116
4.53030303030303,0.35,4,0.3848451000647496,44.44227272727273,6.865498983815154,305.1183782475269
4.626262626262626,0.35,4,0.3848451000647496,45.38363636363636,6.937829497460201,314.8639310656438
4.722222222222222,0.35,4,0.3848451000647496,46.325,7.009413668409849,324.71108818908624
4.8181818181818175,0.35,4,0.3848451000647496,47.26636363636363,7.080274134096275,334.6588118673341
4.9141414141414135,0.35,4,0.3848451000647496,48.20772727272727,7.150432410212316,344.70609551358524
5.0101010101010095,0.35,4,0.3848451000647496,49.14909090909091,7.219908967021445,354.85196217549765
5.1060606060606055,0.35,4,0.3848451000647496,50.09045454545454,7.288723299120266,365.0954631089792
5.2020202020202015,0.35,4,0.3848451000647496,51.03181818181818,7.356893989327329,375.4356764462633
5.297979797979798,0.35,4,0.3848451000647496,51.973181818181814,7.4244387672916075,385.87170595040436
5.393939393939394,0.35,4,0.3848451000647496,52.914545454545454,7.491374563344466,396.40267984911634
5.48989898989899,0.35,4,0.3848451000647496,53.855909090909094,7.557717558058546,407.0277497415685
5.585858585858586,0.35,4,0.3848451000647496,54.79727272727273,7.6234832279246465,417.74608957237626
5.681818181818182,0.35,4,0.3848451000647496,55.73863636363637,7.68868638751187,428.5568946675651
5.777777777777778,0.35,4,0.3848451000647496,56.68,7.75334122843644,439.4593808277774
5.873737373737374,0.35,4,0.3848451000647496,57.62136363636364,7.817461355429539,450.45278347442564
5.96969696969697,0.35,4,0.3848451000647496,58.56272727272727,7.881059819763849,461.53635684487944
6.065656565656565,0.35,4,0.3848451000647496,59.504090909090905,7.9441491502714205,472.70937323312785
6.161616161616161,0.35,4,0.3848451000647496,60.44545454545454,8.006741382161666,483.9711222726628
6.257575757575757,0.35,4,0.3848451000647496,61.38681818181818,8.068848083827211,495.320910258613
6.353535353535353,0.35,4,0.3848451000647496,62.32818181818182,8.130480381806723,506.7580595064098
6.449494949494949,0.35,4,0.3848451000647496,63.26954545454545,8.191648984057236,518.2819077444904
6.545454545454545,0.35,4,0.3848451000647496,64.21090909090908,8.252364201673839,529.8918075387513
6.641414141414141,0.35,4,0.3848451000647496,65.15227272727273,8.312635969181489,541.5871257466495
6.737373737373737,0.35,4,0.3848451000647496,66.09363636363636,8.372473863512015,553.3672429990128
6.833333333333333,0.35,4,0.3848451000647496,67.035,8.431887121768991,565.2315532077843
6.929292929292929,0.35,4,0.3848451000647496,67.97636363636364,8.490884657873744,577.1794630980468
7.025252525252525,0.35,4,0.3848451000647496,68.91772727272728,8.54947507817747,589.2103917628136
7.121212121212121,0.35,4,0.3848451000647496,69.85909090909091,8.607666696116876,601.3237702391831
7.217171717171717,0.35,4,0.3848451000647496,70.80045454545454,8.665467545983978,613.5190411045501
7.313131313131312,0.35,4,0.3848451000647496,71.74181818181818,8.722885395874666,625.7956580916774
7.409090909090908,0.35,4,0.3848451000647496,72.68318181818181,8.779927759875104,638.1530857215039
7.505050505050504,0.35,4,0.3848451000647496,73.62454545454545,8.836601909540082,650.590798952657
7.6010101010101,0.35,4,0.3848451000647496,74.56590909090909,8.892914884712964,663.1082828466991
7.696969696969696,0.35,4,0.3848451000647496,75.50727272727272,8.94887350373282,675.7050322482186
7.792929292929292,0.35,4,0.3848451000647496,76.44863636363637,9.004484373070637,688.3805514789233
7.888888888888888,0.35,4,0.3848451000647496,77.39,9.059753896433127,701.1343540449598
7.984848484848484,0.35,4,0.3848451000647496,78.33136363636363,9.114688283369716,713.9659623567362
8.08080808080808,0.35,4,0.3848451000647496,79.27272727272727,9.169293557415378,726.8749074605644
8.176767676767676,0.35,4,0.3848451000647496,80.21409090909091,9.2235755637996,739.8607287814905
8.272727272727273,0.35,4,0.3848451000647496,81.15545454545456,9.27753997674939,752.9229738767226
8.368686868686869,0.35,4,0.3848451000647496,82.09681818181818,9.331192306412134,766.0611981990976
8.464646464646464,0.35,4,0.3848451000647496,83.03818181818181,9.384537905422246,779.2749648700716
8.56060606060606,0.35,4,0.3848451000647496,83.97954545454546,9.437581975133721,792.5638444617413
8.656565656565656,0.35,4,0.3848451000647496,84.92090909090909,9.49032957153917,805.9274147874441
8.752525252525253,0.35,4,0.3848451000647496,85.86227272727274,9.54278561089438,819.3652607005073
8.848484848484848,0.35,4,0.3848451000647496,86.80363636363636,9.594954875066103,832.8769739007379
8.944444444444445,0.35,4,0.3848451000647496,87.745,9.64684201661957,846.4621527482841
9.04040404040404,0.35,4,0.3848451000647496,88.68636363636364,9.69845156366101,860.1204020844998
9.136363636363635,0.35,4,0.3848451000647496,89.62772727272726,9.749787924449466,873.8513330594863
9.232323232323232,0.35,4,0.3848451000647496,90.5690909090909,9.800855391791197,887.6545629659906
9.328282828282827,0.35,4,0.3848451000647496,91.51045454545454,9.85165814722905,901.5297150793609
9.424242424242424,0.35,4,0.3848451000647496,92.45181818181818,9.902200265038395,915.4764185032816
9.520202020202019,0.35,4,0.3848451000647496,93.39318181818182,9.952485716040412,929.4943080210196
9.616161616161616,0.35,4,0.3848451000647496,94.33454545454546,10.002518371242834,943.5830239519332
9.712121212121211,0.35,4,0.3848451000647496,95.27590909090908,10.052302005317605,957.7422120130032
9.808080808080808,0.35,4,0.3848451000647496,96.21727272727273,10.10184029992428,971.971523185169
9.904040404040403,0.35,4,0.3848451000647496,97.15863636363636,10.151136846887457,986.2706135842486
10.0,0.35,4,0.3848451000647496,98.10000000000001,10.20019515123599,1000.6391443362506
0.5,0.4,4,0.5026548245743669,4.905,1.9957288524186492,9.789050021113475
0.5959595959595959,0.4,4,0.5026548245743669,5.846363636363636,2.178838006922053,12.73827929319611
0.6919191919191919,0.4,4,0.5026548245743669,6.787727272727273,2.347708769937164,15.935606846123488
0.7878787878787878,0.4,4,0.5026548245743669,7.7290909090909095,2.505222121184403,19.363089522099813
0.8838383838383839,0.4,4,0.5026548245743669,8.670454545454547,2.6534014555855445,23.006196711497395
0.9797979797979798,0.4,4,0.5026548245743669,9.611818181818181,2.7937323945817165,26.85284782537499
1.0757575757575757,0.4,4,0.5026548245743669,10.553181818181818,2.9273438644216534,30.89279204558069
1.1717171717171717,0.4,4,0.5026548245743669,11.494545454545456,3.055117593252166,35.11718804461854
1.2676767676767677,0.4,4,0.5026548245743669,12.435909090909092,3.1777578442402934,39.51830766389554
1.3636363636363635,0.4,4,0.5026548245743669,13.377272727272727,3.29583772729522,44.089320142862874
1.4595959595959596,0.4,4,0.5026548245743669,14.318636363636363,3.409831041663843,48.824130747023965
1.5555555555555556,0.4,4,0.5026548245743669,15.260000000000002,3.5201348185440478,53.71725733098217
1.6515151515151514,0.4,4,0.5026548245743669,16.201363636363634,3.6270856825773965,58.763734083684604
1.7474747474747474,0.4,4,0.5026548245743669,17.142727272727274,3.7309719855273302,63.95903521008079
1.8434343434343434,0.4,4,0.5026548245743669,18.08409090909091,3.8320429753359444,69.29901353351843
1.9393939393939392,0.4,4,0.5026548245743669,19.025454545454544,3.930515840554947,74.7798504646672
2.0353535353535355,0.4,4,0.5026548245743669,19.966818181818184,4.026581202569392,80.39801476602986
2.1313131313131315,0.4,4,0.5026548245743669,20.90818181818182,4.120407454235197,86.1502282181412
2.227272727272727,0.4,4,0.5026548245743669,21.849545454545453,4.212144227937688,92.03343676942578
2.323232323232323,0.4,4,0.5026548245743669,22.79090909090909,4.301925197511062,98.04478609236575
2.419191919191919,0.4,4,0.5026548245743669,23.73227272727273,4.389870364032678,104.18160071659553
2.515151515151515,0.4,4,0.5026548245743669,24.673636363636366,4.476087937143796,110.44136609274526
2.611111111111111,0.4,4,0.5026548245743669,25.615000000000002,4.560675896079003,116.82171307806367
2.7070707070707067,0.4,4,0.5026548245743669,26.556363636363635,4.643723294631994,123.32040443889981
2.8030303030303028,0.4,4,0.5026548245743669,27.49772727272727,4.725311359597336,129.93532304492766
2.898989898989899,0.4,4,0.5026548245743669,28.439090909090908,4.805514421284305,136.66446149185174
2.994949494949495,0.4,4,0.5026548245743669,29.380454545454544,4.884400706453478,143.5059129377425
3.090909090909091,0.4,4,0.5026548245743669,30.321818181818184,4.962033017749383,150.4578629763754
3.186868686868687,0.4,4,0.5026548245743669,31.26318181818182,5.0384693188771985,157.51858240138858
3.2828282828282824,0.4,4,0.5026548245743669,32.20454545454545,5.113763241028925,164.6864207394997
3.3787878787878785,0.4,4,0.5026548245743669,33.145909090909086,5.187964523137226,171.959800450768
3.4747474747474745,0.4,4,0.5026548245743669,34.087272727272726,5.261119396227601,179.33721170995466
3.5707070707070705,0.4,4,0.5026548245743669,35.028636363636366,5.33327092030717,186.8172076961961
3.6666666666666665,0.4,4,0.5026548245743669,35.97,5.404459280763052,194.39840032904698
3.7626262626262625,0.4,4,0.5026548245743669,36.91136363636364,5.4747220500640665,202.07945639793297
3.8585858585858586,0.4,4,0.5026548245743669,37.85272727272727,5.544094419604477,209.85909403953747
3.954545454545454,0.4,4,0.5026548245743669,38.794090909090905,5.612609405750707,217.7360795239116
4.05050505050505,0.4,4,0.5026548245743669,39.735454545454544,5.680298033514889,225.7092243153657
4.146464646464646,0.4,4,0.5026548245743669,40.676818181818184,5.747189500754689,233.7773823786529
4.242424242424242,0.4,4,0.5026548245743669,41.61818181818182,5.813311325364979,241.93944770473522
4.338383838383838,0.4,4,0.5026548245743669,42.55954545454546,5.878689477566284,250.19435203364034
4.434343434343434,0.4,4,0.5026548245743669,43.50090909090909,5.943348499093785,258.5410627546697
4.53030303030303,0.4,4,0.5026548245743669,44.44227272727273,6.007311610838259,266.978580966586
4.626262626262626,0.4,4,0.5026548245743669,45.38363636363636,6.070600810277675,275.5059396824383
4.722222222222222,0.4,4,0.5026548245743669,46.325,6.133236959858617,284.12220216545046
4.8181818181818175,0.4,4,0.5026548245743669,47.26636363636363,6.19523986733424,292.8264603839173
4.9141414141414135,0.4,4,0.5026548245743669,48.20772727272727,6.256628358935775,301.617833574387
5.0101010101010095,0.4,4,0.5026548245743669,49.14909090909091,6.317420346143764,310.4954669035604
5.1060606060606055,0.4,4,0.5026548245743669,50.09045454545454,6.377632886730232,319.4585302203567
5.2020202020202015,0.4,4,0.5026548245743669,51.03181818181818,6.437282240661411,328.5062168904803
5.297979797979798,0.4,4,0.5026548245743669,51.973181818181814,6.496383921380156,337.6377427066038
5.393939393939394,0.4,4,0.5026548245743669,52.914545454545454,6.554952742926407,346.85234486797674
5.48989898989899,0.4,4,0.5026548245743669,53.855909090909094,6.613002863301227,356.1492810238724
5.585858585858586,0.4,4,0.5026548245743669,54.79727272727273,6.670547824434064,365.5278283758292
5.681818181818182,0.4,4,0.5026548245743669,55.73863636363637,6.727600589072885,374.98728283411936
5.777777777777778,0.4,4,0.5026548245743669,56.68,6.784173574881884,384.5269582243052
5.873737373737374,0.4,4,0.5026548245743669,57.62136363636364,6.840278686000845,394.14618554012236
5.96969696969697,0.4,4,0.5026548245743669,58.56272727272727,6.8959273422933665,403.8443122392694
6.065656565656565,0.4,4,0.5026548245743669,59.504090909090905,6.951130506487493,413.6207015789869
6.161616161616161,0.4,4,0.5026548245743669,60.44545454545454,7.005898709391456,423.4747319885799
6.257575757575757,0.4,4,0.5026548245743669,61.38681818181818,7.060242073348808,433.40579647628624
6.353535353535353,0.4,4,0.5026548245743669,62.32818181818182,7.114170334080882,443.41330206810846
6.449494949494949,0.4,4,0.5026548245743669,63.26954545454545,7.167692861050081,453.49666927642903
6.545454545454545,0.4,4,0.5026548245743669,64.21090909090908,7.220818676464608,463.6553315964074
6.641414141414141,0.4,4,0.5026548245743669,65.15227272727273,7.273556473033802,473.8887350283182
6.737373737373737,0.4,4,0.5026548245743669,66.09363636363636,7.3259146305730125,484.1963376241361
6.833333333333333,0.4,4,0.5026548245743669,67.035,7.377901231547866,494.5776090568112
6.929292929292929,0.4,4,0.5026548245743669,67.97636363636364,7.429524075639525,505.0320302107908
7.025252525252525,0.4,4,0.5026548245743669,68.91772727272728,7.480790693405286,515.5590927924619
7.121212121212121,0.4,4,0.5026548245743669,69.85909090909091,7.531708359102266,526.1582989592852
7.217171717171717,0.4,4,0.5026548245743669,70.80045454545454,7.582284102735978,536.8291609664813
7.313131313131312,0.4,4,0.5026548245743669,71.74181818181818,7.632524721390331,547.5712008302175
7.409090909090908,0.4,4,0.5026548245743669,72.68318181818181,7.6824367898907155,558.3839500063159
7.505050505050504,0.4,4,0.5026548245743669,73.62454545454545,7.732026670847571,569.2669490835748
7.6010101010101,0.4,4,0.5026548245743669,74.56590909090909,7.781300524123842,580.2197474908617
7.696969696969696,0.4,4,0.5026548245743669,75.50727272727272,7.830264315766217,591.2419032171913
7.792929292929292,0.4,4,0.5026548245743669,76.44863636363637,7.8789238264368056,602.3329825440578
7.888888888888888,0.4,4,0.5026548245743669,77.39,7.927284659378985,613.4925597893397
7.984848484848484,0.4,4,0.5026548245743669,78.33136363636363,7.975352247948501,624.7202170621441
8.08080808080808,0.4,4,0.5026548245743669,79.27272727272727,8.023131862738454,636.0155440279938
8.176767676767676,0.4,4,0.5026548245743669,80.21409090909091,8.07062861832465,647.3781376838042
8.272727272727273,0.4,4,0.5026548245743669,81.15545454545456,8.117847479655715,658.8076021421323
8.368686868686869,0.4,4,0.5026548245743669,82.09681818181818,8.164793268110616,670.3035484242102
8.464646464646464,0.4,4,0.5026548245743669,83.03818181818181,8.211470667244463,681.8655942613124
8.56060606060606,0.4,4,0.5026548245743669,83.97954545454546,8.257884228242004,693.4933639040235
8.656565656565656,0.4,4,0.5026548245743669,84.92090909090909,8.304038375096773,705.1864879390135
8.752525252525253,0.4,4,0.5026548245743669,85.86227272727274,8.349937409532581,716.9446031129437
8.848484848484848,0.4,4,0.5026548245743669,86.80363636363636,8.395585515682837,728.7673521631455
8.944444444444445,0.4,4,0.5026548245743669,87.745,8.440986764542123,740.6543836547486
9.04040404040404,0.4,4,0.5026548245743669,88.68636363636364,8.486145118203382,752.6053518239372
9.136363636363635,0.4,4,0.5026548245743669,89.62772727272726,8.53106443389328,764.6199164270502
9.232323232323232,0.4,4,0.5026548245743669,90.5690909090909,8.575748467817295,776.6977425952416
9.328282828282827,0.4,4,0.5026548245743669,91.51045454545454,8.620200878825418,788.8385006944407
9.424242424242424,0.4,4,0.5026548245743669,92.45181818181818,8.664425231908595,801.0418661903713
9.520202020202019,0.4,4,0.5026548245743669,93.39318181818182,8.708425001535359,813.307519518392
9.616161616161616,0.4,4,0.5026548245743669,94.33454545454546,8.752203574837479,825.6351459579414
9.712121212121211,0.4,4,0.5026548245743669,95.27590909090908,8.795764254652902,838.0244355113775
9.808080808080808,0.4,4,0.5026548245743669,96.21727272727273,8.839110262433744,850.4750827870228
9.904040404040403,0.4,4,0.5026548245743669,97.15863636363636,8.882244741026524,862.9867868862175
10.0,0.4,4,0.5026548245743669,98.10000000000001,8.92517075733149,875.5592512942192
